Data,Nome,Tipo,Volume_mL,Hora
2026-09-18,rq,Jarra,2000.0,20:11
2026-09-18,ra,Copo,200.0,20:15
2026-08-01,ra,Garrafa,3000.0,20:36
2026-09-11,Raquel,Copo,306.25,20:59
2026-09-11,Raquel,Copo,306.25,20:59
2026-09-11,Raquel,Copo,306.25,20:59
2026-09-11,Raquel,Copo,306.25,20:59
2026-09-11,Raquel,Copo,306.25,20:59
2026-09-19,rq,Copo,306.25,21:06
2026-08-04,Raquel,Jarra,3000.0,21:16
2026-08-03,Raquel,Copo,200.0,21:17
2026-09-20,Raquel Yuri Odaka Coelho,Copo,306.25,00:01
2026-09-20,Raquel Yuri Odaka Coelho,Copo,306.25,00:01
2026-09-20,Raquel Yuri Odaka Coelho,Copo,306.25,00:01
2026-09-20,Raquel Yuri Odaka Coelho,Copo,306.25,00:01
2026-10-06,rq,Dose Planejada,371.875,11:58
2026-10-06,rQ,Dose Planejada,371.875,12:49
